repo_name,today_stars,avg7,accel
xai-org/grok-build,35.0,2.142857142857143,11.136363636363637
