repo_name,today_stars,avg7,accel
Panniantong/Agent-Reach,23.0,1.2857142857142858,10.0625
mvanhorn/last30days-skill,23.0,6.714285714285714,2.9814814814814814
