repo_name,today_stars,avg7,accel
xai-org/grok-build,23.0,4.857142857142857,3.9268292682926833
