repo_name,today_stars,avg7,accel
apple/container,24.0,0.7142857142857143,13.999999999999998
mvanhorn/last30days-skill,27.0,7.142857142857143,3.3157894736842106
