repo_name,today_stars,avg7,accel
calesthio/OpenMontage,38.0,6.142857142857143,5.319999999999999
DietrichGebert/ponytail,31.0,5.571428571428571,4.717391304347826
