repo_name,today_stars,avg7,accel
apple/container,28.0,5.142857142857143,4.558139534883721
