repo_name,today_stars,avg7,accel
tw93/Pake,21.0,3.2857142857142856,4.9
chopratejas/headroom,28.0,6.857142857142857,3.563636363636364
